Senate.Senate,2019-05-13 21:09:08.305
ArcherGuild.addSoldier,2019-05-13 21:09:08.472
ArcherGuild.read,2019-05-13 21:09:08.5
ArcherGuild.addSoldier,2019-05-13 21:09:08.502
ArcherGuild.read,2019-05-13 21:09:08.502
BallistaGuild.addSoldier,2019-05-13 21:09:08.504
BallisterGuild.read,2019-05-13 21:09:08.504
BallistaGuild.addSoldier,2019-05-13 21:09:08.504
BallisterGuild.read,2019-05-13 21:09:08.505
ChariotArcherGuild.addSoldier,2019-05-13 21:09:08.506
ChariotArcherGuild.read,2019-05-13 21:09:08.506
ChariotArcherGuild.addSoldier,2019-05-13 21:09:08.507
ChariotArcherGuild.read,2019-05-13 21:09:08.507
HeavyInfantryman.addSoldier,2019-05-13 21:09:08.51
HeavyInfantrymanGuild.read,2019-05-13 21:09:08.51
HeavyInfantryman.addSoldier,2019-05-13 21:09:08.511
HeavyInfantrymanGuild.read,2019-05-13 21:09:08.511
LightInfantryman.addSoldier,2019-05-13 21:09:08.514
LightInfantrymanGuild.read,2019-05-13 21:09:08.514
LightInfantryman.addSoldier,2019-05-13 21:09:08.514
LightInfantrymanGuild.read,2019-05-13 21:09:08.514
Knight.addSoldier,2019-05-13 21:09:08.517
KnightGuild.read,2019-05-13 21:09:08.517
Knight.addSoldier,2019-05-13 21:09:08.518
KnightGuild.read,2019-05-13 21:09:08.518
Ranger.addSoldier,2019-05-13 21:09:08.52
RangerGuild.read,2019-05-13 21:09:08.52
Ranger.addSoldier,2019-05-13 21:09:08.521
RangerGuild.read,2019-05-13 21:09:08.521
Senate.readSoldiers,2019-05-13 21:09:08.522
ArcherGuild.rating,2019-05-13 21:09:08.525
BallistaGuild.rating,2019-05-13 21:09:08.528
ChariotArcherGuild.rating,2019-05-13 21:09:08.528
HeavyInfantryman.rating,2019-05-13 21:09:08.528
Knight.rating,2019-05-13 21:09:08.528
LightInfantryman.rating,2019-05-13 21:09:08.528
Ranger.rating,2019-05-13 21:09:08.528
Senate.rating,2019-05-13 21:09:08.528
ArcherGuild.writeSoldiers,2019-05-13 21:09:08.555
BallistaGuild.writeSoldiers,2019-05-13 21:09:08.569
ChariotArcherGuild.writeSoldier,2019-05-13 21:09:08.573
HeavyInfantryman.writeSoldiers,2019-05-13 21:09:08.578
Knight.writeSoldiers,2019-05-13 21:09:08.586
LightInfantryman.writeSoldiers,2019-05-13 21:09:08.594
Ranger.writeSoldier,2019-05-13 21:09:08.605
Senate.writeSoldiers,2019-05-13 21:09:08.606
